{
  "best_global_step": null,
  "best_metric": null,
  "best_model_checkpoint": null,
  "epoch": 3.0,
  "eval_steps": 500,
  "global_step": 6,
  "is_hyper_param_search": false,
  "is_local_process_zero": true,
  "is_world_process_zero": true,
  "log_history": [
    {
      "entropy": 1.4713482558727264,
      "epoch": 0.6666666666666666,
      "grad_norm": 0.4841116964817047,
      "learning_rate": 5e-05,
      "logits/chosen": 0.3992239525638225,
      "logits/rejected": -0.11326194265167067,
      "logps/chosen": -147.11138153076172,
      "logps/rejected": -140.84548950195312,
      "loss": 0.688984751701355,
      "mean_token_accuracy": 0.5443186163902283,
      "num_tokens": 1202.0,
      "rewards/accuracies": 0.5,
      "rewards/chosen": 0.038861848413944244,
      "rewards/margins": 0.01091079693287611,
      "rewards/rejected": 0.027951051481068134,
      "step": 1
    },
    {
      "entropy": 1.6713783740997314,
      "epoch": 1.0,
      "grad_norm": 0.4144921600818634,
      "learning_rate": 4.166666666666667e-05,
      "logits/chosen": 0.5581456346904741,
      "logits/rejected": 0.5038841525598646,
      "logps/chosen": -184.1984405517578,
      "logps/rejected": -129.47719192504883,
      "loss": 0.6447787880897522,
      "mean_token_accuracy": 0.49760065972805023,
      "num_tokens": 1831.0,
      "rewards/accuracies": 0.5,
      "rewards/chosen": 0.08015594631433487,
      "rewards/margins": 0.10287514328956604,
      "rewards/rejected": -0.022719193249940872,
      "step": 2
    },
    {
      "entropy": 1.5685855150222778,
      "epoch": 1.6666666666666665,
      "grad_norm": 0.4097379446029663,
      "learning_rate": 3.3333333333333335e-05,
      "logits/chosen": 0.470903790230502,
      "logits/rejected": 0.3583340205024054,
      "logps/chosen": -156.93548202514648,
      "logps/rejected": -140.43217849731445,
      "loss": 0.6395113468170166,
      "mean_token_accuracy": 0.5022147074341774,
      "num_tokens": 3051.0,
      "rewards/accuracies": 1.0,
      "rewards/chosen": 0.0564517960883677,
      "rewards/margins": 0.11216964502818882,
      "rewards/rejected": -0.055717848939821124,
      "step": 3
    },
    {
      "entropy": 1.4617258310317993,
      "epoch": 2.0,
      "grad_norm": 0.6208363175392151,
      "learning_rate": 2.5e-05,
      "logits/chosen": 0.4065851574852353,
      "logits/rejected": -0.44180931611494584,
      "logps/chosen": -164.3647003173828,
      "logps/rejected": -131.95714569091797,
      "loss": 0.6526671051979065,
      "mean_token_accuracy": 0.5761905014514923,
      "num_tokens": 3662.0,
      "rewards/accuracies": 1.0,
      "rewards/chosen": 0.06352996733039618,
      "rewards/margins": 0.08424453716725111,
      "rewards/rejected": -0.020714569836854935,
      "step": 4
    },
    {
      "entropy": 1.4599901735782623,
      "epoch": 2.6666666666666665,
      "grad_norm": 0.5178391337394714,
      "learning_rate": 1.6666666666666667e-05,
      "logits/chosen": 0.38836011117904135,
      "logits/rejected": -0.12323060047705059,
      "logps/chosen": -147.05369186401367,
      "logps/rejected": -141.84980583190918,
      "loss": 0.6368831396102905,
      "mean_token_accuracy": 0.5508829802274704,
      "num_tokens": 4864.0,
      "rewards/accuracies": 1.0,
      "rewards/chosen": 0.04463081480935216,
      "rewards/margins": 0.11711139976978302,
      "rewards/rejected": -0.072480583563447,
      "step": 5
    },
    {
      "entropy": 1.6680713295936584,
      "epoch": 3.0,
      "grad_norm": 0.44595709443092346,
      "learning_rate": 8.333333333333334e-06,
      "logits/chosen": 0.5534972193535794,
      "logits/rejected": 0.4990827173559813,
      "logps/chosen": -184.01044464111328,
      "logps/rejected": -130.13288116455078,
      "loss": 0.6039704084396362,
      "mean_token_accuracy": 0.49198268353939056,
      "num_tokens": 5493.0,
      "rewards/accuracies": 1.0,
      "rewards/chosen": 0.09895553812384605,
      "rewards/margins": 0.18724365532398224,
      "rewards/rejected": -0.08828811720013618,
      "step": 6
    }
  ],
  "logging_steps": 1,
  "max_steps": 6,
  "num_input_tokens_seen": 0,
  "num_train_epochs": 3,
  "save_steps": 500,
  "stateful_callbacks": {
    "TrainerControl": {
      "args": {
        "should_epoch_stop": false,
        "should_evaluate": false,
        "should_log": false,
        "should_save": true,
        "should_training_stop": true
      },
      "attributes": {}
    }
  },
  "total_flos": 96207541309440.0,
  "train_batch_size": 1,
  "trial_name": null,
  "trial_params": null
}
